epsilon,delta,row_algorithm,column_algorithm,datasets,wins,ties,losses,win_rate_percent
inf,0.0,bpo,bpo,100,0,100,0,50.0
inf,0.0,bpo,vpo,100,98,0,2,98.0
inf,0.0,bpo,squarecb,100,87,2,11,88.0
inf,0.0,bpo,fastcb,100,80,1,19,80.5
inf,0.0,bpo,linucb,100,81,0,19,81.0
inf,0.0,bpo,regcb,100,80,0,20,80.0
inf,0.0,bpo,adacb,100,76,0,24,76.0
inf,0.0,vpo,bpo,100,2,0,98,2.0
inf,0.0,vpo,vpo,100,0,100,0,50.0
inf,0.0,vpo,squarecb,100,42,1,57,42.5
inf,0.0,vpo,fastcb,100,48,1,51,48.5
inf,0.0,vpo,linucb,100,56,0,44,56.0
inf,0.0,vpo,regcb,100,58,0,42,58.0
inf,0.0,vpo,adacb,100,43,0,57,43.0
inf,0.0,squarecb,bpo,100,11,2,87,12.0
inf,0.0,squarecb,vpo,100,57,1,42,57.5
inf,0.0,squarecb,squarecb,100,0,100,0,50.0
inf,0.0,squarecb,fastcb,100,50,1,49,50.5
inf,0.0,squarecb,linucb,100,54,0,46,54.0
inf,0.0,squarecb,regcb,100,58,0,42,58.0
inf,0.0,squarecb,adacb,100,44,0,56,44.0
inf,0.0,fastcb,bpo,100,19,1,80,19.5
inf,0.0,fastcb,vpo,100,51,1,48,51.5
inf,0.0,fastcb,squarecb,100,49,1,50,49.5
inf,0.0,fastcb,fastcb,100,0,100,0,50.0
inf,0.0,fastcb,linucb,100,62,0,38,62.0
inf,0.0,fastcb,regcb,100,54,1,45,54.5
inf,0.0,fastcb,adacb,100,31,1,68,31.5
inf,0.0,linucb,bpo,100,19,0,81,19.0
inf,0.0,linucb,vpo,100,44,0,56,44.0
inf,0.0,linucb,squarecb,100,46,0,54,46.0
inf,0.0,linucb,fastcb,100,38,0,62,38.0
inf,0.0,linucb,linucb,100,0,100,0,50.0
inf,0.0,linucb,regcb,100,27,3,70,28.5
inf,0.0,linucb,adacb,100,26,1,73,26.5
inf,0.0,regcb,bpo,100,20,0,80,20.0
inf,0.0,regcb,vpo,100,42,0,58,42.0
inf,0.0,regcb,squarecb,100,42,0,58,42.0
inf,0.0,regcb,fastcb,100,45,1,54,45.5
inf,0.0,regcb,linucb,100,70,3,27,71.5
inf,0.0,regcb,regcb,100,0,100,0,50.0
inf,0.0,regcb,adacb,100,27,0,73,27.0
inf,0.0,adacb,bpo,100,24,0,76,24.0
inf,0.0,adacb,vpo,100,57,0,43,57.0
inf,0.0,adacb,squarecb,100,56,0,44,56.0
inf,0.0,adacb,fastcb,100,68,1,31,68.5
inf,0.0,adacb,linucb,100,73,1,26,73.5
inf,0.0,adacb,regcb,100,73,0,27,73.0
inf,0.0,adacb,adacb,100,0,100,0,50.0
8.0,1e-05,bpo,bpo,100,0,100,0,50.0
8.0,1e-05,bpo,vpo,100,91,0,9,91.0
8.0,1e-05,bpo,squarecb,100,85,0,15,85.0
8.0,1e-05,bpo,fastcb,100,77,0,23,77.0
8.0,1e-05,bpo,linucb,100,90,1,9,90.5
8.0,1e-05,bpo,regcb,100,93,0,7,93.0
8.0,1e-05,bpo,adacb,100,89,0,11,89.0
8.0,1e-05,vpo,bpo,100,9,0,91,9.0
8.0,1e-05,vpo,vpo,100,0,100,0,50.0
8.0,1e-05,vpo,squarecb,100,33,0,67,33.0
8.0,1e-05,vpo,fastcb,100,44,0,56,44.0
8.0,1e-05,vpo,linucb,100,74,0,26,74.0
8.0,1e-05,vpo,regcb,100,73,0,27,73.0
8.0,1e-05,vpo,adacb,100,70,0,30,70.0
8.0,1e-05,squarecb,bpo,100,15,0,85,15.0
8.0,1e-05,squarecb,vpo,100,67,0,33,67.0
8.0,1e-05,squarecb,squarecb,100,0,100,0,50.0
8.0,1e-05,squarecb,fastcb,100,50,1,49,50.5
8.0,1e-05,squarecb,linucb,100,79,0,21,79.0
8.0,1e-05,squarecb,regcb,100,79,0,21,79.0
8.0,1e-05,squarecb,adacb,100,79,0,21,79.0
8.0,1e-05,fastcb,bpo,100,23,0,77,23.0
8.0,1e-05,fastcb,vpo,100,56,0,44,56.0
8.0,1e-05,fastcb,squarecb,100,49,1,50,49.5
8.0,1e-05,fastcb,fastcb,100,0,100,0,50.0
8.0,1e-05,fastcb,linucb,100,82,1,17,82.5
8.0,1e-05,fastcb,regcb,100,84,0,16,84.0
8.0,1e-05,fastcb,adacb,100,83,1,16,83.5
8.0,1e-05,linucb,bpo,100,9,1,90,9.5
8.0,1e-05,linucb,vpo,100,26,0,74,26.0
8.0,1e-05,linucb,squarecb,100,21,0,79,21.0
8.0,1e-05,linucb,fastcb,100,17,1,82,17.5
8.0,1e-05,linucb,linucb,100,0,100,0,50.0
8.0,1e-05,linucb,regcb,100,49,8,43,53.0
8.0,1e-05,linucb,adacb,100,41,3,56,42.5
8.0,1e-05,regcb,bpo,100,7,0,93,7.0
8.0,1e-05,regcb,vpo,100,27,0,73,27.0
8.0,1e-05,regcb,squarecb,100,21,0,79,21.0
8.0,1e-05,regcb,fastcb,100,16,0,84,16.0
8.0,1e-05,regcb,linucb,100,43,8,49,47.0
8.0,1e-05,regcb,regcb,100,0,100,0,50.0
8.0,1e-05,regcb,adacb,100,34,1,65,34.5
8.0,1e-05,adacb,bpo,100,11,0,89,11.0
8.0,1e-05,adacb,vpo,100,30,0,70,30.0
8.0,1e-05,adacb,squarecb,100,21,0,79,21.0
8.0,1e-05,adacb,fastcb,100,16,1,83,16.5
8.0,1e-05,adacb,linucb,100,56,3,41,57.5
8.0,1e-05,adacb,regcb,100,65,1,34,65.5
8.0,1e-05,adacb,adacb,100,0,100,0,50.0
4.0,1e-05,bpo,bpo,100,0,100,0,50.0
4.0,1e-05,bpo,vpo,100,84,0,16,84.0
4.0,1e-05,bpo,squarecb,100,80,0,20,80.0
4.0,1e-05,bpo,fastcb,100,70,0,30,70.0
4.0,1e-05,bpo,linucb,100,92,0,8,92.0
4.0,1e-05,bpo,regcb,100,93,0,7,93.0
4.0,1e-05,bpo,adacb,100,89,0,11,89.0
4.0,1e-05,vpo,bpo,100,16,0,84,16.0
4.0,1e-05,vpo,vpo,100,0,100,0,50.0
4.0,1e-05,vpo,squarecb,100,45,0,55,45.0
4.0,1e-05,vpo,fastcb,100,46,0,54,46.0
4.0,1e-05,vpo,linucb,100,79,0,21,79.0
4.0,1e-05,vpo,regcb,100,78,0,22,78.0
4.0,1e-05,vpo,adacb,100,78,0,22,78.0
4.0,1e-05,squarecb,bpo,100,20,0,80,20.0
4.0,1e-05,squarecb,vpo,100,55,0,45,55.0
4.0,1e-05,squarecb,squarecb,100,0,100,0,50.0
4.0,1e-05,squarecb,fastcb,100,42,0,58,42.0
4.0,1e-05,squarecb,linucb,100,77,0,23,77.0
4.0,1e-05,squarecb,regcb,100,77,0,23,77.0
4.0,1e-05,squarecb,adacb,100,77,0,23,77.0
4.0,1e-05,fastcb,bpo,100,30,0,70,30.0
4.0,1e-05,fastcb,vpo,100,54,0,46,54.0
4.0,1e-05,fastcb,squarecb,100,58,0,42,58.0
4.0,1e-05,fastcb,fastcb,100,0,100,0,50.0
4.0,1e-05,fastcb,linucb,100,86,1,13,86.5
4.0,1e-05,fastcb,regcb,100,87,0,13,87.0
4.0,1e-05,fastcb,adacb,100,86,0,14,86.0
4.0,1e-05,linucb,bpo,100,8,0,92,8.0
4.0,1e-05,linucb,vpo,100,21,0,79,21.0
4.0,1e-05,linucb,squarecb,100,23,0,77,23.0
4.0,1e-05,linucb,fastcb,100,13,1,86,13.5
4.0,1e-05,linucb,linucb,100,0,100,0,50.0
4.0,1e-05,linucb,regcb,100,56,3,41,57.5
4.0,1e-05,linucb,adacb,100,47,5,48,49.5
4.0,1e-05,regcb,bpo,100,7,0,93,7.0
4.0,1e-05,regcb,vpo,100,22,0,78,22.0
4.0,1e-05,regcb,squarecb,100,23,0,77,23.0
4.0,1e-05,regcb,fastcb,100,13,0,87,13.0
4.0,1e-05,regcb,linucb,100,41,3,56,42.5
4.0,1e-05,regcb,regcb,100,0,100,0,50.0
4.0,1e-05,regcb,adacb,100,36,4,60,38.0
4.0,1e-05,adacb,bpo,100,11,0,89,11.0
4.0,1e-05,adacb,vpo,100,22,0,78,22.0
4.0,1e-05,adacb,squarecb,100,23,0,77,23.0
4.0,1e-05,adacb,fastcb,100,14,0,86,14.0
4.0,1e-05,adacb,linucb,100,48,5,47,50.5
4.0,1e-05,adacb,regcb,100,60,4,36,62.0
4.0,1e-05,adacb,adacb,100,0,100,0,50.0
2.0,1e-05,bpo,bpo,100,0,100,0,50.0
2.0,1e-05,bpo,vpo,100,80,0,20,80.0
2.0,1e-05,bpo,squarecb,100,78,0,22,78.0
2.0,1e-05,bpo,fastcb,100,69,1,30,69.5
2.0,1e-05,bpo,linucb,100,94,0,6,94.0
2.0,1e-05,bpo,regcb,100,93,0,7,93.0
2.0,1e-05,bpo,adacb,100,90,0,10,90.0
2.0,1e-05,vpo,bpo,100,20,0,80,20.0
2.0,1e-05,vpo,vpo,100,0,100,0,50.0
2.0,1e-05,vpo,squarecb,100,45,4,51,47.0
2.0,1e-05,vpo,fastcb,100,45,0,55,45.0
2.0,1e-05,vpo,linucb,100,83,1,16,83.5
2.0,1e-05,vpo,regcb,100,87,0,13,87.0
2.0,1e-05,vpo,adacb,100,84,0,16,84.0
2.0,1e-05,squarecb,bpo,100,22,0,78,22.0
2.0,1e-05,squarecb,vpo,100,51,4,45,53.0
2.0,1e-05,squarecb,squarecb,100,0,100,0,50.0
2.0,1e-05,squarecb,fastcb,100,49,1,50,49.5
2.0,1e-05,squarecb,linucb,100,85,0,15,85.0
2.0,1e-05,squarecb,regcb,100,90,0,10,90.0
2.0,1e-05,squarecb,adacb,100,85,0,15,85.0
2.0,1e-05,fastcb,bpo,100,30,1,69,30.5
2.0,1e-05,fastcb,vpo,100,55,0,45,55.0
2.0,1e-05,fastcb,squarecb,100,50,1,49,50.5
2.0,1e-05,fastcb,fastcb,100,0,100,0,50.0
2.0,1e-05,fastcb,linucb,100,84,0,16,84.0
2.0,1e-05,fastcb,regcb,100,84,0,16,84.0
2.0,1e-05,fastcb,adacb,100,81,0,19,81.0
2.0,1e-05,linucb,bpo,100,6,0,94,6.0
2.0,1e-05,linucb,vpo,100,16,1,83,16.5
2.0,1e-05,linucb,squarecb,100,15,0,85,15.0
2.0,1e-05,linucb,fastcb,100,16,0,84,16.0
2.0,1e-05,linucb,linucb,100,0,100,0,50.0
2.0,1e-05,linucb,regcb,100,47,5,48,49.5
2.0,1e-05,linucb,adacb,100,47,4,49,49.0
2.0,1e-05,regcb,bpo,100,7,0,93,7.0
2.0,1e-05,regcb,vpo,100,13,0,87,13.0
2.0,1e-05,regcb,squarecb,100,10,0,90,10.0
2.0,1e-05,regcb,fastcb,100,16,0,84,16.0
2.0,1e-05,regcb,linucb,100,48,5,47,50.5
2.0,1e-05,regcb,regcb,100,0,100,0,50.0
2.0,1e-05,regcb,adacb,100,41,3,56,42.5
2.0,1e-05,adacb,bpo,100,10,0,90,10.0
2.0,1e-05,adacb,vpo,100,16,0,84,16.0
2.0,1e-05,adacb,squarecb,100,15,0,85,15.0
2.0,1e-05,adacb,fastcb,100,19,0,81,19.0
2.0,1e-05,adacb,linucb,100,49,4,47,51.0
2.0,1e-05,adacb,regcb,100,56,3,41,57.5
2.0,1e-05,adacb,adacb,100,0,100,0,50.0
1.0,1e-05,bpo,bpo,100,0,100,0,50.0
1.0,1e-05,bpo,vpo,100,78,0,22,78.0
1.0,1e-05,bpo,squarecb,100,74,0,26,74.0
1.0,1e-05,bpo,fastcb,100,72,0,28,72.0
1.0,1e-05,bpo,linucb,100,93,0,7,93.0
1.0,1e-05,bpo,regcb,100,94,0,6,94.0
1.0,1e-05,bpo,adacb,100,93,0,7,93.0
1.0,1e-05,vpo,bpo,100,22,0,78,22.0
1.0,1e-05,vpo,vpo,100,0,100,0,50.0
1.0,1e-05,vpo,squarecb,100,49,2,49,50.0
1.0,1e-05,vpo,fastcb,100,38,0,62,38.0
1.0,1e-05,vpo,linucb,100,85,0,15,85.0
1.0,1e-05,vpo,regcb,100,88,0,12,88.0
1.0,1e-05,vpo,adacb,100,84,0,16,84.0
1.0,1e-05,squarecb,bpo,100,26,0,74,26.0
1.0,1e-05,squarecb,vpo,100,49,2,49,50.0
1.0,1e-05,squarecb,squarecb,100,0,100,0,50.0
1.0,1e-05,squarecb,fastcb,100,45,0,55,45.0
1.0,1e-05,squarecb,linucb,100,85,0,15,85.0
1.0,1e-05,squarecb,regcb,100,89,1,10,89.5
1.0,1e-05,squarecb,adacb,100,84,1,15,84.5
1.0,1e-05,fastcb,bpo,100,28,0,72,28.0
1.0,1e-05,fastcb,vpo,100,62,0,38,62.0
1.0,1e-05,fastcb,squarecb,100,55,0,45,55.0
1.0,1e-05,fastcb,fastcb,100,0,100,0,50.0
1.0,1e-05,fastcb,linucb,100,80,0,20,80.0
1.0,1e-05,fastcb,regcb,100,82,0,18,82.0
1.0,1e-05,fastcb,adacb,100,80,0,20,80.0
1.0,1e-05,linucb,bpo,100,7,0,93,7.0
1.0,1e-05,linucb,vpo,100,15,0,85,15.0
1.0,1e-05,linucb,squarecb,100,15,0,85,15.0
1.0,1e-05,linucb,fastcb,100,20,0,80,20.0
1.0,1e-05,linucb,linucb,100,0,100,0,50.0
1.0,1e-05,linucb,regcb,100,57,3,40,58.5
1.0,1e-05,linucb,adacb,100,48,1,51,48.5
1.0,1e-05,regcb,bpo,100,6,0,94,6.0
1.0,1e-05,regcb,vpo,100,12,0,88,12.0
1.0,1e-05,regcb,squarecb,100,10,1,89,10.5
1.0,1e-05,regcb,fastcb,100,18,0,82,18.0
1.0,1e-05,regcb,linucb,100,40,3,57,41.5
1.0,1e-05,regcb,regcb,100,0,100,0,50.0
1.0,1e-05,regcb,adacb,100,33,1,66,33.5
1.0,1e-05,adacb,bpo,100,7,0,93,7.0
1.0,1e-05,adacb,vpo,100,16,0,84,16.0
1.0,1e-05,adacb,squarecb,100,15,1,84,15.5
1.0,1e-05,adacb,fastcb,100,20,0,80,20.0
1.0,1e-05,adacb,linucb,100,51,1,48,51.5
1.0,1e-05,adacb,regcb,100,66,1,33,66.5
1.0,1e-05,adacb,adacb,100,0,100,0,50.0
